name,objective,objective_constant,pypsa_version,srid
0,14511894149.876623,526329132.65177417,0.26.2,4326
