name,objective,objective_constant,pypsa_version,srid
0,14472846038.216557,539859675.8148667,0.26.2,4326
