name,objective,objective_constant,pypsa_version,srid
0,14799482164.065767,232939262.42241585,0.26.2,4326
