name,objective,objective_constant,pypsa_version,srid
0,14475085580.320988,563483637.3536577,0.26.2,4326
