name,objective,objective_constant,pypsa_version,srid
0,986924318.5510118,12004822.525827011,0.26.2,4326
