name,objective,objective_constant,pypsa_version,srid
0,986928145.3117242,12004822.525827011,0.26.2,4326
