name,objective,objective_constant,pypsa_version,srid
0,14790639576.183607,232945226.63326055,0.26.2,4326
